{"Es dirigida": true, "N\u00famero nodos": 2119, "N\u00famero de aristas": 4181, "Reciprocidad de la red": 0.0014350633819660368, "asortatividad": 0.11248325729375673, "densidad": 0.0009315866473620345, "fuertemente conectada": false, "est\u00e1 conectada": false, "di\u00e1metro": "Puede ser porque sea dirigida o porque hay m\u00e1s de una componente", "estad\u00edsticas de los componentes": {"0": 2074, "1": 9, "2": 5, "3": 5, "4": 4, "5": 3, "6": 2, "7": 2, "8": 2, "9": 1, "10": 1, "11": 1, "12": 1, "13": 1, "14": 1, "15": 1, "16": 1, "17": 1, "18": 1, "19": 1, "20": 1, "21": 1}}